player_id,date_unix,value
1005583,2025-09-05,5000000
1012564,2025-09-05,18000000
1086258,2025-09-05,3000000
817665,2025-09-30,1500000
903611,2025-10-01,4500000
1011936,2025-10-01,2500000
250426,2025-10-06,10000000
843595,2025-10-06,600000
387626,2025-10-07,22000000
572265,2025-10-07,30000000
998101,2025-10-07,5000000
344152,2025-10-10,6000000
361914,2025-10-10,20000000
85177,2025-10-17,750000
85941,2025-10-17,6000000
95424,2025-10-17,3000000
111873,2025-10-17,16000000
123275,2025-10-17,1000000
123682,2025-10-17,7000000
131996,2025-10-17,5000000
148455,2025-10-17,45000000
177476,2025-10-17,22000000
183318,2025-10-17,3500000
186590,2025-10-17,22000000
192279,2025-10-17,8000000
203853,2025-10-17,18000000
209212,2025-10-17,5000000
226973,2025-10-17,4500000
234803,2025-10-17,15000000
240306,2025-10-17,45000000
241641,2025-10-17,32000000
256178,2025-10-17,18000000
258004,2025-10-17,60000000
258919,2025-10-17,25000000
272622,2025-10-17,12000000
277033,2025-10-17,12000000
279455,2025-10-17,18000000
283628,2025-10-17,15000000
284857,2025-10-17,45000000
294057,2025-10-17,35000000
295313,2025-10-17,14000000
296802,2025-10-17,6000000
309400,2025-10-17,60000000
314241,2025-10-17,2000000
314288,2025-10-17,5000000
314367,2025-10-17,10000000
316264,2025-10-17,80000000
319301,2025-10-17,16000000
324358,2025-10-17,35000000
328658,2025-10-17,16000000
332705,2025-10-17,20000000
335721,2025-10-17,38000000
340329,2025-10-17,18000000
341092,2025-10-17,18000000
342385,2025-10-17,8000000
344069,2025-10-17,20000000
345911,2025-10-17,22000000
346314,2025-10-17,32000000
346707,2025-10-17,16000000
346890,2025-10-17,18000000
349066,2025-10-17,140000000
352041,2025-10-17,16000000
353032,2025-10-17,10000000
355915,2025-10-17,55000000
357119,2025-10-17,55000000
357147,2025-10-17,28000000
357565,2025-10-17,90000000
361093,2025-10-17,40000000
362108,2025-10-17,12000000
363205,2025-10-17,25000000
365108,2025-10-17,40000000
378710,2025-10-17,25000000
380350,2025-10-17,18000000
381753,2025-10-17,8000000
386047,2025-10-17,18000000
388165,2025-10-17,42000000
392757,2025-10-17,50000000
392765,2025-10-17,28000000
392768,2025-10-17,30000000
392775,2025-10-17,18000000
397033,2025-10-17,75000000
399776,2025-10-17,30000000
400536,2025-10-17,18000000
401173,2025-10-17,25000000
404842,2025-10-17,25000000
406635,2025-10-17,80000000
410225,2025-10-17,30000000
410425,2025-10-17,20000000
410708,2025-10-17,20000000
411537,2025-10-17,8000000
413039,2025-10-17,70000000
417346,2025-10-17,12000000
420002,2025-10-17,35000000
420243,2025-10-17,60000000
423440,2025-10-17,70000000
424015,2025-10-17,13000000
427568,2025-10-17,14000000
429014,2025-10-17,65000000
429915,2025-10-17,20000000
429983,2025-10-17,40000000
432164,2025-10-17,20000000
433177,2025-10-17,140000000
434224,2025-10-17,32000000
435648,2025-10-17,28000000
444523,2025-10-17,35000000
451276,2025-10-17,85000000
455661,2025-10-17,65000000
460939,2025-10-17,70000000
461883,2025-10-17,28000000
463603,2025-10-17,20000000
463605,2025-10-17,35000000
465555,2025-10-17,28000000
465717,2025-10-17,10000000
467623,2025-10-17,8000000
469050,2025-10-17,35000000
472423,2025-10-17,35000000
473169,2025-10-17,20000000
475188,2025-10-17,25000000
476701,2025-10-17,35000000
478573,2025-10-17,90000000
479999,2025-10-17,65000000
480762,2025-10-17,35000000
483348,2025-10-17,30000000
484547,2025-10-17,45000000
485585,2025-10-17,25000000
485706,2025-10-17,42000000
486049,2025-10-17,55000000
487465,2025-10-17,55000000
494237,2025-10-17,15000000
500689,2025-10-17,30000000
502676,2025-10-17,28000000
502821,2025-10-17,40000000
503680,2025-10-17,24000000
503686,2025-10-17,10000000
503743,2025-10-17,65000000
503749,2025-10-17,40000000
503883,2025-10-17,20000000
503987,2025-10-17,50000000
504849,2025-10-17,35000000
505219,2025-10-17,22000000
515544,2025-10-17,15000000
517894,2025-10-17,70000000
521964,2025-10-17,30000000
532776,2025-10-17,20000000
536835,2025-10-17,40000000
540664,2025-10-17,35000000
540941,2025-10-17,30000000
541231,2025-10-17,25000000
541628,2025-10-17,4000000
543499,2025-10-17,55000000
548729,2025-10-17,10000000
553875,2025-10-17,40000000
557459,2025-10-17,55000000
565093,2025-10-17,35000000
565822,2025-10-17,35000000
566799,2025-10-17,30000000
567576,2025-10-17,45000000
568693,2025-10-17,35000000
571743,2025-10-17,14000000
576314,2025-10-17,35000000
578391,2025-10-17,40000000
578539,2025-10-17,22000000
583189,2025-10-17,55000000
583199,2025-10-17,25000000
583255,2025-10-17,55000000
584769,2025-10-17,22000000
585959,2025-10-17,30000000
591949,2025-10-17,15000000
598577,2025-10-17,130000000
607226,2025-10-17,15000000
608832,2025-10-17,18000000
609556,2025-10-17,15000000
611793,2025-10-17,5000000
612517,2025-10-17,12000000
623570,2025-10-17,35000000
626724,2025-10-17,65000000
628451,2025-10-17,35000000
633992,2025-10-17,20000000
644401,2025-10-17,25000000
645686,2025-10-17,10000000
646750,2025-10-17,35000000
646991,2025-10-17,12000000
648195,2025-10-17,80000000
655488,2025-10-17,45000000
658536,2025-10-17,25000000
661207,2025-10-17,30000000
661427,2025-10-17,12000000
667287,2025-10-17,28000000
670882,2025-10-17,45000000
683571,2025-10-17,25000000
683620,2025-10-17,20000000
684210,2025-10-17,14000000
687626,2025-10-17,100000000
689637,2025-10-17,12000000
696589,2025-10-17,11000000
698164,2025-10-17,2500000
700106,2025-10-17,28000000
709726,2025-10-17,85000000
711337,2025-10-17,40000000
711999,2025-10-17,22000000
716276,2025-10-17,10000000
717411,2025-10-17,20000000
719673,2025-10-17,18000000
727089,2025-10-17,17000000
735571,2025-10-17,25000000
739443,2025-10-17,22000000
741238,2025-10-17,35000000
743384,2025-10-17,20000000
743413,2025-10-17,30000000
744149,2025-10-17,60000000
745181,2025-10-17,17000000
747009,2025-10-17,8000000
748319,2025-10-17,15000000
820374,2025-10-17,45000000
823231,2025-10-17,35000000
823486,2025-10-17,20000000
842341,2025-10-17,24000000
848509,2025-10-17,12000000
855256,2025-10-17,25000000
866246,2025-10-17,40000000
866655,2025-10-17,35000000
876631,2025-10-17,32000000
880245,2025-10-17,32000000
890719,2025-10-17,45000000
900195,2025-10-17,30000000
904802,2025-10-17,40000000
922693,2025-10-17,35000000
933018,2025-10-17,10000000
936874,2025-10-17,20000000
937941,2025-10-17,30000000
947411,2025-10-17,25000000
967346,2025-10-17,18000000
973085,2025-10-17,60000000
989112,2025-10-17,15000000
991800,2025-10-17,12000000
996897,2025-10-17,20000000
1004708,2025-10-17,15000000
1006411,2025-10-17,20000000
1011131,2025-10-17,10000000
1012534,2025-10-17,35000000
1045123,2025-10-17,6000000
1060087,2025-10-17,25000000
1064471,2025-10-17,18000000
1069512,2025-10-17,4000000
1078163,2025-10-17,10000000
1091562,2025-10-17,3500000
1108466,2025-10-17,15000000
1111589,2025-10-17,25000000
1202361,2025-10-17,2000000
340321,2025-10-21,3000000
605426,2025-11-19,500000
854721,2025-11-26,450000
250426,2025-12-03,9000000
843595,2025-12-03,800000
1107733,2025-12-03,1200000
998101,2025-12-08,8000000
3333,2025-12-09,750000
16306,2025-12-09,8000000
51471,2025-12-09,15000000
61651,2025-12-09,2000000
61841,2025-12-09,500000
63200,2025-12-09,200000
67063,2025-12-09,4000000
68390,2025-12-09,300000
72476,2025-12-09,8000000
74960,2025-12-09,750000
75489,2025-12-09,8000000
85177,2025-12-09,500000
85941,2025-12-09,5000000
95424,2025-12-09,2500000
95810,2025-12-09,2500000
99397,2025-12-09,200000
105470,2025-12-09,17000000
108725,2025-12-09,8000000
110864,2025-12-09,5000000
111195,2025-12-09,2500000
111455,2025-12-09,10000000
111873,2025-12-09,15000000
118534,2025-12-09,4000000
120629,2025-12-09,7000000
123275,2025-12-09,750000
123682,2025-12-09,5000000
124884,2025-12-09,2500000
126664,2025-12-09,8000000
126665,2025-12-09,1000000
127202,2025-12-09,6000000
130164,2025-12-09,15000000
131978,2025-12-09,5000000
131996,2025-12-09,5000000
134270,2025-12-09,5000000
135343,2025-12-09,6000000
136401,2025-12-09,1000000
139208,2025-12-09,18000000
144028,2025-12-09,20000000
146310,2025-12-09,5000000
148153,2025-12-09,4000000
148367,2025-12-09,9000000
148455,2025-12-09,30000000
171679,2025-12-09,1500000
173504,2025-12-09,7000000
177476,2025-12-09,18000000
177907,2025-12-09,10000000
181380,2025-12-09,2500000
181579,2025-12-09,6000000
183288,2025-12-09,10000000
183318,2025-12-09,2000000
184528,2025-12-09,1500000
184573,2025-12-09,6000000
186590,2025-12-09,18000000
188077,2025-12-09,9000000
192080,2025-12-09,7000000
192279,2025-12-09,7000000
192765,2025-12-09,5000000
193116,2025-12-09,15000000
199527,2025-12-09,15000000
201574,2025-12-09,1500000
203460,2025-12-09,25000000
203853,2025-12-09,15000000
204103,2025-12-09,8000000
206040,2025-12-09,4000000
206746,2025-12-09,11000000
207014,2025-12-09,6000000
209212,2025-12-09,3000000
226049,2025-12-09,3000000
226973,2025-12-09,3000000
234803,2025-12-09,12000000
236490,2025-12-09,20000000
236953,2025-12-09,600000
240306,2025-12-09,40000000
240692,2025-12-09,5000000
241641,2025-12-09,27000000
242606,2025-12-09,7000000
242631,2025-12-09,25000000
245056,2025-12-09,12000000
249089,2025-12-09,13000000
249565,2025-12-09,35000000
249994,2025-12-09,5000000
251106,2025-12-09,8000000
253677,2025-12-09,4000000
256178,2025-12-09,15000000
257455,2025-12-09,25000000
258004,2025-12-09,60000000
258878,2025-12-09,20000000
258889,2025-12-09,35000000
258919,2025-12-09,28000000
260827,2025-12-09,25000000
262226,2025-12-09,10000000
262749,2025-12-09,35000000
262980,2025-12-09,8000000
263236,2025-12-09,22000000
270171,2025-12-09,18000000
272622,2025-12-09,10000000
277033,2025-12-09,12000000
279455,2025-12-09,20000000
282939,2025-12-09,1300000
283628,2025-12-09,12000000
284857,2025-12-09,50000000
286047,2025-12-09,30000000
292246,2025-12-09,10000000
293194,2025-12-09,4000000
293281,2025-12-09,5000000
294057,2025-12-09,30000000
295313,2025-12-09,12000000
296802,2025-12-09,5000000
297212,2025-12-09,12000000
306024,2025-12-09,15000000
309400,2025-12-09,55000000
314241,2025-12-09,2000000
314288,2025-12-09,8000000
314367,2025-12-09,8000000
314875,2025-12-09,35000000
315858,2025-12-09,45000000
316264,2025-12-09,75000000
318508,2025-12-09,18000000
319301,2025-12-09,14000000
319859,2025-12-09,12000000
321247,2025-12-09,18000000
324358,2025-12-09,30000000
325443,2025-12-09,70000000
326029,2025-12-09,25000000
326031,2025-12-09,40000000
328658,2025-12-09,16000000
330659,2025-12-09,32000000
332705,2025-12-09,25000000
333014,2025-12-09,25000000
333241,2025-12-09,30000000
335721,2025-12-09,30000000
336077,2025-12-09,7000000
338424,2025-12-09,30000000
338629,2025-12-09,5000000
339340,2025-12-09,5000000
339556,2025-12-09,15000000
340321,2025-12-09,2500000
340324,2025-12-09,16000000
340325,2025-12-09,14000000
340329,2025-12-09,16000000
340456,2025-12-09,22000000
340918,2025-12-09,22000000
341051,2025-12-09,13000000
341092,2025-12-09,18000000
342046,2025-12-09,5000000
342385,2025-12-09,6000000
344069,2025-12-09,20000000
345911,2025-12-09,22000000
346314,2025-12-09,35000000
346483,2025-12-09,32000000
346707,2025-12-09,18000000
346890,2025-12-09,18000000
348026,2025-12-09,15000000
349066,2025-12-09,120000000
349701,2025-12-09,30000000
352041,2025-12-09,16000000
353032,2025-12-09,12000000
354362,2025-12-09,27000000
355915,2025-12-09,60000000
356141,2025-12-09,12000000
357119,2025-12-09,50000000
357147,2025-12-09,28000000
357162,2025-12-09,22000000
357565,2025-12-09,75000000
357662,2025-12-09,120000000
361093,2025-12-09,35000000
362108,2025-12-09,15000000
363205,2025-12-09,20000000
365108,2025-12-09,40000000
369316,2025-12-09,28000000
369962,2025-12-09,15000000
371851,2025-12-09,18000000
375885,2025-12-09,22000000
378710,2025-12-09,28000000
380350,2025-12-09,15000000
381753,2025-12-09,9000000
381963,2025-12-09,4000000
386047,2025-12-09,15000000
388165,2025-12-09,35000000
392179,2025-12-09,6000000
392757,2025-12-09,55000000
392765,2025-12-09,22000000
392768,2025-12-09,30000000
392771,2025-12-09,20000000
392775,2025-12-09,20000000
393323,2025-12-09,15000000
394327,2025-12-09,40000000
397033,2025-12-09,75000000
398065,2025-12-09,32000000
399434,2025-12-09,20000000
399776,2025-12-09,25000000
400536,2025-12-09,15000000
401173,2025-12-09,20000000
401922,2025-12-09,10000000
403151,2025-12-09,22000000
404842,2025-12-09,25000000
406635,2025-12-09,80000000
410225,2025-12-09,35000000
410425,2025-12-09,15000000
410708,2025-12-09,20000000
411537,2025-12-09,10000000
413039,2025-12-09,75000000
413220,2025-12-09,12000000
413403,2025-12-09,35000000
413507,2025-12-09,30000000
414908,2025-12-09,12000000
415381,2025-12-09,25000000
415912,2025-12-09,15000000
415970,2025-12-09,4000000
417346,2025-12-09,10000000
418560,2025-12-09,200000000
420002,2025-12-09,40000000
420210,2025-12-09,20000000
420243,2025-12-09,70000000
421637,2025-12-09,7000000
423440,2025-12-09,75000000
424015,2025-12-09,10000000
425334,2025-12-09,22000000
425902,2025-12-09,10000000
427568,2025-12-09,12000000
429014,2025-12-09,65000000
429915,2025-12-09,22000000
429983,2025-12-09,40000000
430310,2025-12-09,5000000
432164,2025-12-09,20000000
432914,2025-12-09,7000000
433177,2025-12-09,130000000
433188,2025-12-09,40000000
434224,2025-12-09,35000000
434675,2025-12-09,70000000
435338,2025-12-09,75000000
435648,2025-12-09,25000000
438001,2025-12-09,10000000
442248,2025-12-09,4000000
444523,2025-12-09,35000000
445939,2025-12-09,65000000
447661,2025-12-09,25000000
450050,2025-12-09,16000000
451276,2025-12-09,85000000
455661,2025-12-09,70000000
460939,2025-12-09,65000000
461883,2025-12-09,28000000
463603,2025-12-09,18000000
463605,2025-12-09,35000000
465555,2025-12-09,28000000
465717,2025-12-09,10000000
466805,2025-12-09,45000000
467623,2025-12-09,10000000
469050,2025-12-09,35000000
469781,2025-12-09,22000000
470607,2025-12-09,35000000
472423,2025-12-09,50000000
473050,2025-12-09,35000000
473169,2025-12-09,20000000
474701,2025-12-09,22000000
475188,2025-12-09,28000000
475411,2025-12-09,28000000
475959,2025-12-09,70000000
476701,2025-12-09,30000000
477758,2025-12-09,22000000
478573,2025-12-09,90000000
479999,2025-12-09,65000000
480762,2025-12-09,35000000
483348,2025-12-09,32000000
484547,2025-12-09,38000000
485583,2025-12-09,5000000
485585,2025-12-09,25000000
485706,2025-12-09,42000000
486049,2025-12-09,65000000
487465,2025-12-09,60000000
487969,2025-12-09,25000000
488935,2025-12-09,2500000
489359,2025-12-09,10000000
493003,2025-12-09,27000000
494237,2025-12-09,18000000
494880,2025-12-09,4000000
495666,2025-12-09,90000000
497291,2025-12-09,16000000
500689,2025-12-09,28000000
502676,2025-12-09,28000000
502821,2025-12-09,50000000
503680,2025-12-09,25000000
503686,2025-12-09,16000000
503733,2025-12-09,60000000
503743,2025-12-09,70000000
503749,2025-12-09,35000000
503883,2025-12-09,25000000
503981,2025-12-09,40000000
503987,2025-12-09,50000000
504849,2025-12-09,30000000
505219,2025-12-09,25000000
514285,2025-12-09,18000000
515544,2025-12-09,18000000
517894,2025-12-09,70000000
520624,2025-12-09,75000000
521964,2025-12-09,40000000
525247,2025-12-09,22000000
532776,2025-12-09,20000000
534033,2025-12-09,85000000
536835,2025-12-09,50000000
538977,2025-12-09,32000000
540664,2025-12-09,32000000
540941,2025-12-09,30000000
541231,2025-12-09,28000000
541628,2025-12-09,4000000
543499,2025-12-09,55000000
548729,2025-12-09,9000000
553875,2025-12-09,40000000
556385,2025-12-09,40000000
557459,2025-12-09,65000000
559263,2025-12-09,12000000
565093,2025-12-09,35000000
565822,2025-12-09,30000000
566799,2025-12-09,25000000
566931,2025-12-09,60000000
567576,2025-12-09,60000000
568006,2025-12-09,8000000
568157,2025-12-09,35000000
568177,2025-12-09,120000000
568559,2025-12-09,22000000
568693,2025-12-09,35000000
571743,2025-12-09,10000000
576314,2025-12-09,35000000
578391,2025-12-09,40000000
578539,2025-12-09,25000000
583189,2025-12-09,50000000
583199,2025-12-09,23000000
583255,2025-12-09,65000000
584769,2025-12-09,20000000
585323,2025-12-09,15000000
585959,2025-12-09,25000000
587002,2025-12-09,900000
588989,2025-12-09,15000000
591949,2025-12-09,16000000
595809,2025-12-09,20000000
598577,2025-12-09,110000000
601883,2025-12-09,38000000
605184,2025-12-09,23000000
606718,2025-12-09,25000000
607223,2025-12-09,50000000
607224,2025-12-09,14000000
607226,2025-12-09,15000000
608832,2025-12-09,16000000
609556,2025-12-09,15000000
610849,2025-12-09,35000000
611793,2025-12-09,7000000
612517,2025-12-09,12000000
614258,2025-12-09,50000000
620322,2025-12-09,35000000
623570,2025-12-09,45000000
624258,2025-12-09,30000000
626724,2025-12-09,65000000
627442,2025-12-09,60000000
627626,2025-12-09,20000000
628451,2025-12-09,30000000
633992,2025-12-09,20000000
644401,2025-12-09,22000000
645686,2025-12-09,12000000
646750,2025-12-09,35000000
646991,2025-12-09,18000000
648195,2025-12-09,85000000
654539,2025-12-09,20000000
655488,2025-12-09,45000000
658536,2025-12-09,22000000
659813,2025-12-09,50000000
660860,2025-12-09,10000000
661053,2025-12-09,45000000
661207,2025-12-09,25000000
661427,2025-12-09,10000000
667121,2025-12-09,15000000
667287,2025-12-09,30000000
670717,2025-12-09,20000000
670858,2025-12-09,32000000
670882,2025-12-09,40000000
670883,2025-12-09,2000000
673492,2025-12-09,14000000
683571,2025-12-09,22000000
683620,2025-12-09,20000000
683895,2025-12-09,18000000
684210,2025-12-09,15000000
687626,2025-12-09,110000000
689637,2025-12-09,12000000
696181,2025-12-09,6000000
696589,2025-12-09,12000000
698164,2025-12-09,8000000
698678,2025-12-09,10000000
700106,2025-12-09,28000000
701057,2025-12-09,35000000
706889,2025-12-09,1000000
708072,2025-12-09,15000000
709726,2025-12-09,85000000
711337,2025-12-09,40000000
711544,2025-12-09,16000000
711999,2025-12-09,25000000
716276,2025-12-09,10000000
717411,2025-12-09,25000000
719673,2025-12-09,18000000
724783,2025-12-09,500000
725912,2025-12-09,13000000
727089,2025-12-09,25000000
730861,2025-12-09,40000000
730893,2025-12-09,25000000
735570,2025-12-09,40000000
735571,2025-12-09,25000000
739443,2025-12-09,35000000
741238,2025-12-09,30000000
741257,2025-12-09,18000000
743384,2025-12-09,22000000
743413,2025-12-09,40000000
743498,2025-12-09,22000000
743591,2025-12-09,45000000
743600,2025-12-09,40000000
744149,2025-12-09,60000000
745181,2025-12-09,17000000
747009,2025-12-09,8000000
748319,2025-12-09,15000000
763079,2025-12-09,35000000
800176,2025-12-09,28000000
801734,2025-12-09,30000000
811779,2025-12-09,45000000
820374,2025-12-09,40000000
823231,2025-12-09,35000000
823486,2025-12-09,27000000
829299,2025-12-09,4000000
842341,2025-12-09,25000000
848509,2025-12-09,12000000
855256,2025-12-09,30000000
860078,2025-12-09,200000
866246,2025-12-09,40000000
866655,2025-12-09,30000000
867688,2025-12-09,22000000
876631,2025-12-09,32000000
880245,2025-12-09,32000000
890719,2025-12-09,40000000
890721,2025-12-09,40000000
900195,2025-12-09,30000000
900601,2025-12-09,300000
904802,2025-12-09,35000000
911424,2025-12-09,3000000
922563,2025-12-09,8000000
922693,2025-12-09,35000000
922769,2025-12-09,20000000
923831,2025-12-09,55000000
926952,2025-12-09,30000000
927768,2025-12-09,5000000
933017,2025-12-09,300000
933018,2025-12-09,10000000
936874,2025-12-09,22000000
937941,2025-12-09,30000000
938158,2025-12-09,12000000
947411,2025-12-09,25000000
950091,2025-12-09,22000000
953135,2025-12-09,2000000
954105,2025-12-09,300000
955357,2025-12-09,22000000
967319,2025-12-09,10000000
967346,2025-12-09,18000000
973085,2025-12-09,60000000
978668,2025-12-09,100000
983989,2025-12-09,18000000
984096,2025-12-09,12000000
989112,2025-12-09,20000000
991800,2025-12-09,10000000
996897,2025-12-09,25000000
1004708,2025-12-09,20000000
1005649,2025-12-09,55000000
1006411,2025-12-09,20000000
1009658,2025-12-09,8000000
1011131,2025-12-09,20000000
1012534,2025-12-09,40000000
1045123,2025-12-09,6000000
1047257,2025-12-09,300000
1056993,2025-12-09,80000000
1060087,2025-12-09,25000000
1063329,2025-12-09,7000000
1064471,2025-12-09,16000000
1069512,2025-12-09,4000000
1078163,2025-12-09,10000000
1091562,2025-12-09,3500000
1108466,2025-12-09,15000000
1111589,2025-12-09,28000000
1124005,2025-12-09,15000000
1202361,2025-12-09,2000000
1230661,2025-12-09,250000
903611,2025-12-10,7000000
1005583,2025-12-10,8000000
1011936,2025-12-10,2500000
1012564,2025-12-10,25000000
1086258,2025-12-10,5000000
488362,2025-12-12,35000000
344152,2025-12-15,8000000
361914,2025-12-15,22000000
391065,2025-12-15,15000000
392770,2025-12-15,18000000
406634,2025-12-15,20000000
910905,2025-12-15,25000000
331726,2025-12-17,14000000
663244,2025-12-17,14000000
982097,2025-12-17,800000
985546,2025-12-17,500000
1067168,2025-12-17,300000
1081995,2025-12-17,300000
817665,2025-12-18,5000000
82873,2025-12-19,3500000
524285,2025-12-19,6000000
617755,2025-12-19,5000000
369567,2025-12-22,2000000
1193867,2025-12-22,4000000
1322090,2025-12-22,375000
387626,2025-12-23,18000000
522784,2025-12-23,25000000
572265,2025-12-23,25000000
1011140,2025-12-29,1000000
1187629,2025-12-31,20000000
1085591,2026-01-22,400000
1107726,2026-01-22,500000
663244,2026-03-05,12000000
51471,2026-03-09,12000000
108725,2026-03-09,6000000
110864,2026-03-09,3000000
120629,2026-03-09,5000000
127202,2026-03-09,4000000
148367,2026-03-09,7000000
177476,2026-03-09,15000000
184528,2026-03-09,1000000
186590,2026-03-09,15000000
209212,2026-03-09,2000000
234803,2026-03-09,10000000
242606,2026-03-09,6000000
250426,2026-03-09,8000000
257455,2026-03-09,18000000
258878,2026-03-09,18000000
263236,2026-03-09,20000000
277033,2026-03-09,14000000
279455,2026-03-09,25000000
282939,2026-03-09,1000000
286047,2026-03-09,23000000
292246,2026-03-09,8000000
294057,2026-03-09,25000000
295313,2026-03-09,9000000
297212,2026-03-09,15000000
306024,2026-03-09,22000000
309400,2026-03-09,50000000
314288,2026-03-09,10000000
316264,2026-03-09,65000000
318508,2026-03-09,15000000
319301,2026-03-09,12000000
325443,2026-03-09,65000000
328658,2026-03-09,18000000
330659,2026-03-09,30000000
331726,2026-03-09,20000000
338629,2026-03-09,8000000
340321,2026-03-09,2000000
340324,2026-03-09,14000000
340325,2026-03-09,12000000
340456,2026-03-09,20000000
340918,2026-03-09,25000000
341092,2026-03-09,15000000
344069,2026-03-09,25000000
346314,2026-03-09,40000000
346483,2026-03-09,30000000
346707,2026-03-09,16000000
348026,2026-03-09,18000000
349066,2026-03-09,100000000
349701,2026-03-09,25000000
352041,2026-03-09,13000000
353032,2026-03-09,15000000
354362,2026-03-09,22000000
355915,2026-03-09,50000000
357147,2026-03-09,30000000
357162,2026-03-09,20000000
357565,2026-03-09,65000000
362108,2026-03-09,20000000
365108,2026-03-09,35000000
369316,2026-03-09,30000000
369962,2026-03-09,13000000
380350,2026-03-09,12000000
381753,2026-03-09,12000000
381963,2026-03-09,3000000
387626,2026-03-09,16000000
388165,2026-03-09,30000000
392757,2026-03-09,65000000
392770,2026-03-09,12000000
392771,2026-03-09,25000000
393323,2026-03-09,18000000
397033,2026-03-09,80000000
399434,2026-03-09,23000000
399776,2026-03-09,22000000
401922,2026-03-09,15000000
410425,2026-03-09,12000000
410708,2026-03-09,22000000
411537,2026-03-09,12000000
413039,2026-03-09,80000000
413403,2026-03-09,40000000
415970,2026-03-09,3000000
420002,2026-03-09,35000000
423440,2026-03-09,80000000
425902,2026-03-09,8000000
429014,2026-03-09,60000000
429983,2026-03-09,45000000
432164,2026-03-09,22000000
433177,2026-03-09,120000000
433188,2026-03-09,35000000
434224,2026-03-09,40000000
434675,2026-03-09,65000000
435648,2026-03-09,22000000
445939,2026-03-09,60000000
447661,2026-03-09,20000000
451276,2026-03-09,100000000
455661,2026-03-09,65000000
460939,2026-03-09,60000000
463605,2026-03-09,30000000
465717,2026-03-09,12000000
469050,2026-03-09,30000000
472423,2026-03-09,60000000
473169,2026-03-09,25000000
474701,2026-03-09,30000000
475188,2026-03-09,32000000
479999,2026-03-09,60000000
480762,2026-03-09,40000000
483348,2026-03-09,30000000
484547,2026-03-09,35000000
485585,2026-03-09,30000000
485706,2026-03-09,45000000
487969,2026-03-09,22000000
494880,2026-03-09,8000000
503686,2026-03-09,20000000
503743,2026-03-09,80000000
503883,2026-03-09,30000000
504849,2026-03-09,25000000
505219,2026-03-09,35000000
515544,2026-03-09,22000000
521964,2026-03-09,45000000
522784,2026-03-09,28000000
525247,2026-03-09,16000000
534033,2026-03-09,80000000
538977,2026-03-09,30000000
540664,2026-03-09,28000000
541231,2026-03-09,32000000
556385,2026-03-09,35000000
559263,2026-03-09,10000000
565093,2026-03-09,40000000
565822,2026-03-09,22000000
566931,2026-03-09,50000000
568177,2026-03-09,110000000
568559,2026-03-09,20000000
568693,2026-03-09,32000000
571743,2026-03-09,8000000
583189,2026-03-09,40000000
583199,2026-03-09,20000000
583255,2026-03-09,75000000
601883,2026-03-09,45000000
605426,2026-03-09,3000000
606718,2026-03-09,20000000
607223,2026-03-09,65000000
607224,2026-03-09,16000000
610849,2026-03-09,32000000
611793,2026-03-09,15000000
612517,2026-03-09,15000000
623570,2026-03-09,50000000
626724,2026-03-09,75000000
627442,2026-03-09,65000000
627626,2026-03-09,18000000
628451,2026-03-09,25000000
633992,2026-03-09,25000000
644401,2026-03-09,25000000
645686,2026-03-09,15000000
646991,2026-03-09,25000000
648195,2026-03-09,90000000
654539,2026-03-09,25000000
661207,2026-03-09,30000000
670717,2026-03-09,17000000
670858,2026-03-09,35000000
670882,2026-03-09,35000000
684210,2026-03-09,18000000
696181,2026-03-09,8000000
696589,2026-03-09,15000000
698164,2026-03-09,10000000
698678,2026-03-09,12000000
701057,2026-03-09,32000000
708072,2026-03-09,18000000
709726,2026-03-09,90000000
711337,2026-03-09,35000000
711544,2026-03-09,18000000
716276,2026-03-09,12000000
717411,2026-03-09,30000000
719673,2026-03-09,16000000
727089,2026-03-09,30000000
735570,2026-03-09,35000000
739443,2026-03-09,50000000
741257,2026-03-09,22000000
743384,2026-03-09,25000000
743413,2026-03-09,50000000
743498,2026-03-09,20000000
743591,2026-03-09,40000000
743600,2026-03-09,45000000
747009,2026-03-09,12000000
800176,2026-03-09,25000000
801734,2026-03-09,25000000
811779,2026-03-09,40000000
817665,2026-03-09,18000000
820374,2026-03-09,50000000
823486,2026-03-09,35000000
843595,2026-03-09,8000000
855256,2026-03-09,40000000
866655,2026-03-09,22000000
880245,2026-03-09,35000000
890721,2026-03-09,35000000
900601,2026-03-09,1500000
903611,2026-03-09,17000000
922563,2026-03-09,10000000
922769,2026-03-09,25000000
923831,2026-03-09,50000000
926952,2026-03-09,35000000
933017,2026-03-09,3000000
950091,2026-03-09,20000000
955357,2026-03-09,40000000
973085,2026-03-09,55000000
983989,2026-03-09,16000000
998101,2026-03-09,12000000
1004708,2026-03-09,25000000
1005583,2026-03-09,10000000
1005649,2026-03-09,50000000
1011936,2026-03-09,8000000
1012564,2026-03-09,40000000
1078163,2026-03-09,20000000
1086258,2026-03-09,12000000
1107726,2026-03-09,1200000
1107733,2026-03-09,12000000
1108466,2026-03-09,20000000
1230661,2026-03-09,20000000
1322090,2026-03-09,3000000
203853,2026-03-11,10000000
342385,2026-03-16,5000000
991800,2026-03-19,12000000
75489,2026-03-24,5000000
326029,2026-03-24,35000000
417346,2026-03-24,8000000
344152,2026-03-27,12000000
361914,2026-03-27,20000000
658536,2026-03-27,25000000
724783,2026-05-12,450000
430310,2026-05-20,4500000
541628,2026-05-20,4000000
670883,2026-05-20,1500000
663244,2026-05-21,10000000
683895,2026-05-21,16000000
369567,2026-05-26,4000000
444523,2026-05-26,32000000
588989,2026-05-26,15000000
585959,2026-05-27,25000000
617755,2026-05-27,5000000
700106,2026-05-27,28000000
203853,2026-05-28,8000000
421637,2026-05-28,8000000
485583,2026-05-28,3500000
933018,2026-05-28,7000000
967319,2026-05-28,10000000
991800,2026-05-28,12000000
75489,2026-05-29,3500000
326029,2026-05-29,45000000
417346,2026-05-29,6500000
181380,2026-06-01,2000000
344152,2026-06-01,12000000
361914,2026-06-01,15000000
391065,2026-06-01,15000000
414908,2026-06-01,15000000
658536,2026-06-01,22000000
660860,2026-06-01,18000000
890719,2026-06-01,35000000
953135,2026-06-01,2000000
3333,2026-06-03,500000
16306,2026-06-03,6000000
51471,2026-06-03,10000000
61651,2026-06-03,1200000
61841,2026-06-03,300000
63200,2026-06-03,150000
67063,2026-06-03,3000000
68390,2026-06-03,200000
72476,2026-06-03,6000000
74960,2026-06-03,500000
82873,2026-06-03,2500000
85177,2026-06-03,300000
85941,2026-06-03,4000000
95424,2026-06-03,1500000
95810,2026-06-03,1500000
99397,2026-06-03,200000
105470,2026-06-03,15000000
108725,2026-06-03,5000000
110864,2026-06-03,2000000
111195,2026-06-03,1500000
111455,2026-06-03,8000000
111873,2026-06-03,12000000
118534,2026-06-03,3000000
120629,2026-06-03,4000000
123275,2026-06-03,500000
123682,2026-06-03,4000000
124884,2026-06-03,1500000
126664,2026-06-03,6000000
126665,2026-06-03,500000
127202,2026-06-03,3500000
130164,2026-06-03,13000000
131978,2026-06-03,4000000
131996,2026-06-03,4000000
134270,2026-06-03,4000000
135343,2026-06-03,4000000
136401,2026-06-03,800000
139208,2026-06-03,15000000
144028,2026-06-03,18000000
146310,2026-06-03,4000000
148153,2026-06-03,3500000
148367,2026-06-03,5000000
148455,2026-06-03,22000000
171679,2026-06-03,1000000
173504,2026-06-03,5000000
177476,2026-06-03,12000000
177907,2026-06-03,8000000
181579,2026-06-03,5000000
183288,2026-06-03,8000000
184528,2026-06-03,750000
184573,2026-06-03,5000000
186590,2026-06-03,12000000
188077,2026-06-03,8000000
192080,2026-06-03,5000000
192279,2026-06-03,5000000
192765,2026-06-03,3000000
193116,2026-06-03,13000000
199527,2026-06-03,12000000
201574,2026-06-03,1000000
203460,2026-06-03,20000000
204103,2026-06-03,6000000
206040,2026-06-03,3000000
206746,2026-06-03,8000000
207014,2026-06-03,5000000
209212,2026-06-03,1000000
226049,2026-06-03,3000000
226973,2026-06-03,2000000
234803,2026-06-03,7000000
236490,2026-06-03,18000000
236953,2026-06-03,400000
240306,2026-06-03,35000000
240692,2026-06-03,4000000
241641,2026-06-03,22000000
242606,2026-06-03,4000000
242631,2026-06-03,20000000
245056,2026-06-03,10000000
249089,2026-06-03,11000000
249565,2026-06-03,30000000
249994,2026-06-03,3500000
250426,2026-06-03,6000000
251106,2026-06-03,7000000
253677,2026-06-03,3000000
256178,2026-06-03,13000000
257455,2026-06-03,15000000
258004,2026-06-03,55000000
258878,2026-06-03,16000000
258889,2026-06-03,28000000
258919,2026-06-03,28000000
260827,2026-06-03,20000000
262226,2026-06-03,8000000
262749,2026-06-03,30000000
262980,2026-06-03,6000000
263236,2026-06-03,20000000
270171,2026-06-03,16000000
272622,2026-06-03,8000000
277033,2026-06-03,12000000
279455,2026-06-03,25000000
282939,2026-06-03,700000
283628,2026-06-03,10000000
284857,2026-06-03,50000000
286047,2026-06-03,18000000
292246,2026-06-03,6000000
293194,2026-06-03,3000000
293281,2026-06-03,4000000
294057,2026-06-03,20000000
295313,2026-06-03,8000000
296802,2026-06-03,4000000
297212,2026-06-03,18000000
306024,2026-06-03,22000000
309400,2026-06-03,55000000
314241,2026-06-03,1500000
314288,2026-06-03,10000000
314367,2026-06-03,6000000
314875,2026-06-03,30000000
315858,2026-06-03,45000000
316264,2026-06-03,65000000
318508,2026-06-03,15000000
319301,2026-06-03,10000000
319859,2026-06-03,10000000
321247,2026-06-03,16000000
324358,2026-06-03,25000000
325443,2026-06-03,65000000
326031,2026-06-03,30000000
328658,2026-06-03,18000000
330659,2026-06-03,25000000
331726,2026-06-03,18000000
332705,2026-06-03,25000000
333014,2026-06-03,25000000
333241,2026-06-03,25000000
335721,2026-06-03,30000000
336077,2026-06-03,5000000
338424,2026-06-03,25000000
338629,2026-06-03,8000000
339340,2026-06-03,4000000
339556,2026-06-03,13000000
340321,2026-06-03,1500000
340324,2026-06-03,10000000
340325,2026-06-03,8000000
340329,2026-06-03,14000000
340456,2026-06-03,18000000
340918,2026-06-03,28000000
341051,2026-06-03,12000000
341092,2026-06-03,13000000
342046,2026-06-03,5000000
344069,2026-06-03,28000000
345911,2026-06-03,22000000
346314,2026-06-03,40000000
346483,2026-06-03,25000000
346707,2026-06-03,15000000
346890,2026-06-03,25000000
348026,2026-06-03,16000000
349066,2026-06-03,85000000
349701,2026-06-03,22000000
352041,2026-06-03,10000000
353032,2026-06-03,13000000
354362,2026-06-03,20000000
355915,2026-06-03,45000000
356141,2026-06-03,10000000
357119,2026-06-03,45000000
357147,2026-06-03,30000000
357162,2026-06-03,16000000
357565,2026-06-03,50000000
357662,2026-06-03,120000000
361093,2026-06-03,35000000
362108,2026-06-03,20000000
363205,2026-06-03,17000000
365108,2026-06-03,32000000
369316,2026-06-03,35000000
369962,2026-06-03,10000000
371851,2026-06-03,20000000
375885,2026-06-03,20000000
378710,2026-06-03,25000000
380350,2026-06-03,10000000
381753,2026-06-03,12000000
381963,2026-06-03,2000000
386047,2026-06-03,15000000
387626,2026-06-03,14000000
388165,2026-06-03,25000000
392179,2026-06-03,5000000
392757,2026-06-03,70000000
392765,2026-06-03,20000000
392768,2026-06-03,30000000
392770,2026-06-03,10000000
392771,2026-06-03,30000000
392775,2026-06-03,22000000
393323,2026-06-03,22000000
394327,2026-06-03,40000000
397033,2026-06-03,80000000
398065,2026-06-03,32000000
399434,2026-06-03,25000000
399776,2026-06-03,20000000
400536,2026-06-03,15000000
401173,2026-06-03,18000000
401922,2026-06-03,18000000
403151,2026-06-03,22000000
404842,2026-06-03,25000000
406634,2026-06-03,18000000
406635,2026-06-03,70000000
410225,2026-06-03,40000000
410425,2026-06-03,10000000
410708,2026-06-03,22000000
411537,2026-06-03,12000000
413039,2026-06-03,75000000
413220,2026-06-03,12000000
413403,2026-06-03,40000000
413507,2026-06-03,28000000
415381,2026-06-03,25000000
415912,2026-06-03,18000000
415970,2026-06-03,2000000
418560,2026-06-03,200000000
420002,2026-06-03,30000000
420210,2026-06-03,20000000
420243,2026-06-03,70000000
423440,2026-06-03,75000000
424015,2026-06-03,10000000
425334,2026-06-03,22000000
425902,2026-06-03,7000000
427568,2026-06-03,12000000
429014,2026-06-03,70000000
429915,2026-06-03,22000000
429983,2026-06-03,40000000
432164,2026-06-03,25000000
432914,2026-06-03,5000000
433177,2026-06-03,110000000
433188,2026-06-03,35000000
434224,2026-06-03,50000000
434675,2026-06-03,60000000
435338,2026-06-03,75000000
435648,2026-06-03,20000000
438001,2026-06-03,10000000
442248,2026-06-03,3000000
445939,2026-06-03,50000000
447661,2026-06-03,18000000
450050,2026-06-03,16000000
451276,2026-06-03,100000000
455661,2026-06-03,55000000
460939,2026-06-03,50000000
461883,2026-06-03,28000000
463603,2026-06-03,15000000
463605,2026-06-03,25000000
465555,2026-06-03,28000000
465717,2026-06-03,15000000
466805,2026-06-03,40000000
467623,2026-06-03,8000000
469050,2026-06-03,30000000
469781,2026-06-03,25000000
470607,2026-06-03,30000000
472423,2026-06-03,60000000
473050,2026-06-03,35000000
473169,2026-06-03,30000000
474701,2026-06-03,35000000
475188,2026-06-03,35000000
475411,2026-06-03,28000000
475959,2026-06-03,70000000
476701,2026-06-03,25000000
477758,2026-06-03,15000000
478573,2026-06-03,80000000
479999,2026-06-03,65000000
480762,2026-06-03,40000000
483348,2026-06-03,30000000
484547,2026-06-03,35000000
485585,2026-06-03,30000000
485706,2026-06-03,45000000
486049,2026-06-03,75000000
487465,2026-06-03,60000000
487969,2026-06-03,20000000
488362,2026-06-03,32000000
488935,2026-06-03,2500000
489359,2026-06-03,13000000
493003,2026-06-03,22000000
494237,2026-06-03,18000000
494880,2026-06-03,8000000
495666,2026-06-03,100000000
497291,2026-06-03,15000000
500689,2026-06-03,25000000
502676,2026-06-03,28000000
502821,2026-06-03,55000000
503680,2026-06-03,28000000
503686,2026-06-03,20000000
503733,2026-06-03,65000000
503743,2026-06-03,90000000
503749,2026-06-03,35000000
503883,2026-06-03,35000000
503981,2026-06-03,45000000
503987,2026-06-03,50000000
504849,2026-06-03,22000000
505219,2026-06-03,45000000
514285,2026-06-03,16000000
515544,2026-06-03,22000000
517894,2026-06-03,75000000
520624,2026-06-03,70000000
521964,2026-06-03,45000000
522784,2026-06-03,28000000
524285,2026-06-03,8000000
525247,2026-06-03,13000000
532776,2026-06-03,20000000
534033,2026-06-03,70000000
536835,2026-06-03,45000000
538977,2026-06-03,30000000
540664,2026-06-03,28000000
540941,2026-06-03,30000000
541231,2026-06-03,32000000
543499,2026-06-03,50000000
548729,2026-06-03,7000000
553875,2026-06-03,35000000
556385,2026-06-03,30000000
557459,2026-06-03,50000000
559263,2026-06-03,8000000
565093,2026-06-03,40000000
565822,2026-06-03,20000000
566799,2026-06-03,25000000
566931,2026-06-03,40000000
567576,2026-06-03,75000000
568006,2026-06-03,6000000
568157,2026-06-03,30000000
568177,2026-06-03,100000000
568559,2026-06-03,16000000
568693,2026-06-03,30000000
571743,2026-06-03,5000000
572265,2026-06-03,20000000
576314,2026-06-03,45000000
578391,2026-06-03,40000000
578539,2026-06-03,28000000
583189,2026-06-03,32000000
583199,2026-06-03,18000000
583255,2026-06-03,80000000
584769,2026-06-03,18000000
585323,2026-06-03,15000000
591949,2026-06-03,16000000
595809,2026-06-03,18000000
598577,2026-06-03,100000000
601883,2026-06-03,50000000
605184,2026-06-03,22000000
605426,2026-06-03,3000000
606718,2026-06-03,18000000
607223,2026-06-03,90000000
607224,2026-06-03,15000000
607226,2026-06-03,13000000
608832,2026-06-03,16000000
609556,2026-06-03,28000000
610849,2026-06-03,28000000
611793,2026-06-03,23000000
612517,2026-06-03,12000000
614258,2026-06-03,50000000
620322,2026-06-03,35000000
623570,2026-06-03,55000000
624258,2026-06-03,25000000
626724,2026-06-03,80000000
627442,2026-06-03,75000000
627626,2026-06-03,16000000
628451,2026-06-03,22000000
633992,2026-06-03,28000000
644401,2026-06-03,25000000
645686,2026-06-03,18000000
646750,2026-06-03,40000000
646991,2026-06-03,28000000
648195,2026-06-03,90000000
654539,2026-06-03,30000000
655488,2026-06-03,45000000
659813,2026-06-03,50000000
661053,2026-06-03,40000000
661207,2026-06-03,28000000
661427,2026-06-03,8000000
667121,2026-06-03,15000000
667287,2026-06-03,35000000
670717,2026-06-03,15000000
670858,2026-06-03,40000000
670882,2026-06-03,30000000
673492,2026-06-03,14000000
683571,2026-06-03,20000000
683620,2026-06-03,15000000
684210,2026-06-03,20000000
687626,2026-06-03,100000000
689637,2026-06-03,15000000
696181,2026-06-03,7000000
696589,2026-06-03,18000000
698164,2026-06-03,10000000
698678,2026-06-03,12000000
701057,2026-06-03,28000000
708072,2026-06-03,15000000
709726,2026-06-03,80000000
711337,2026-06-03,35000000
711544,2026-06-03,18000000
711999,2026-06-03,22000000
716276,2026-06-03,12000000
717411,2026-06-03,32000000
719673,2026-06-03,15000000
725912,2026-06-03,15000000
727089,2026-06-03,35000000
730861,2026-06-03,35000000
730893,2026-06-03,25000000
735570,2026-06-03,40000000
735571,2026-06-03,20000000
739443,2026-06-03,65000000
741238,2026-06-03,30000000
741257,2026-06-03,22000000
743384,2026-06-03,25000000
743413,2026-06-03,70000000
743498,2026-06-03,18000000
743591,2026-06-03,35000000
743600,2026-06-03,40000000
744149,2026-06-03,70000000
745181,2026-06-03,17000000
747009,2026-06-03,12000000
748319,2026-06-03,15000000
763079,2026-06-03,50000000
800176,2026-06-03,25000000
801734,2026-06-03,22000000
811779,2026-06-03,28000000
817665,2026-06-03,18000000
820374,2026-06-03,70000000
823231,2026-06-03,35000000
823486,2026-06-03,40000000
829299,2026-06-03,4000000
842341,2026-06-03,28000000
843595,2026-06-03,8000000
848509,2026-06-03,12000000
855256,2026-06-03,50000000
860078,2026-06-03,200000
866246,2026-06-03,35000000
866655,2026-06-03,17000000
867688,2026-06-03,28000000
876631,2026-06-03,35000000
880245,2026-06-03,50000000
890721,2026-06-03,45000000
900195,2026-06-03,25000000
900601,2026-06-03,1500000
903611,2026-06-03,17000000
904802,2026-06-03,40000000
910905,2026-06-03,22000000
911424,2026-06-03,3000000
922563,2026-06-03,10000000
922693,2026-06-03,35000000
922769,2026-06-03,25000000
923831,2026-06-03,50000000
926952,2026-06-03,35000000
927768,2026-06-03,4000000
933017,2026-06-03,4000000
936874,2026-06-03,20000000
937941,2026-06-03,30000000
938158,2026-06-03,12000000
947411,2026-06-03,25000000
950091,2026-06-03,18000000
955357,2026-06-03,70000000
967346,2026-06-03,16000000
973085,2026-06-03,55000000
983989,2026-06-03,12000000
984096,2026-06-03,15000000
989112,2026-06-03,20000000
996897,2026-06-03,25000000
998101,2026-06-03,12000000
1004708,2026-06-03,25000000
1005583,2026-06-03,10000000
1005649,2026-06-03,50000000
1006411,2026-06-03,28000000
1009658,2026-06-03,8000000
1011131,2026-06-03,25000000
1011936,2026-06-03,8000000
1012534,2026-06-03,45000000
1012564,2026-06-03,60000000
1045123,2026-06-03,8000000
1047257,2026-06-03,300000
1056993,2026-06-03,80000000
1060087,2026-06-03,25000000
1063329,2026-06-03,6000000
1069512,2026-06-03,3000000
1078163,2026-06-03,30000000
1081995,2026-06-03,1000000
1086258,2026-06-03,12000000
1091562,2026-06-03,3500000
1107726,2026-06-03,2000000
1107733,2026-06-03,12000000
1108466,2026-06-03,30000000
1111589,2026-06-03,28000000
1124005,2026-06-03,12000000
1187629,2026-06-03,30000000
1193867,2026-06-03,4000000
1230661,2026-06-03,20000000
1322090,2026-06-03,2500000
342385,2026-06-05,4000000
1064471,2026-06-05,16000000
