Date,HomeTeam,AwayTeam,OddsH,OddsD,OddsA
2025-08-15,Liverpool,Bournemouth,1.29,6.02,8.68
2025-08-16,Aston Villa,Newcastle,2.38,3.41,2.93
2025-08-16,Brighton,Fulham,1.83,3.64,4.26
2025-08-16,Sunderland,West Ham,3.4,3.17,2.25
2025-08-16,Tottenham,Burnley,1.55,4.01,6.16
2025-08-16,Wolves,Man City,6.24,4.32,1.51
2025-08-17,Chelsea,Crystal Palace,1.82,3.72,4.26
2025-08-17,Nott'm Forest,Brentford,1.91,3.44,4.16
2025-08-17,Man United,Arsenal,3.79,3.7,1.93
2025-08-18,Leeds,Everton,2.34,3.21,3.16
2025-08-22,West Ham,Chelsea,4.75,3.82,1.72
2025-08-23,Man City,Tottenham,1.54,4.53,5.46
2025-08-23,Bournemouth,Wolves,1.8,3.74,4.32
2025-08-23,Brentford,Aston Villa,3.25,3.45,2.18
2025-08-23,Burnley,Sunderland,2.38,3.11,3.22
2025-08-23,Arsenal,Leeds,1.33,5.36,8.94
2025-08-24,Crystal Palace,Nott'm Forest,2.39,3.24,3.06
2025-08-24,Everton,Brighton,2.9,3.34,2.43
2025-08-24,Fulham,Man United,3.45,3.51,2.08
2025-08-25,Newcastle,Liverpool,2.92,3.65,2.29
2025-08-30,Chelsea,Fulham,1.67,3.93,5.03
2025-08-30,Man United,Burnley,1.38,5.06,7.6
2025-08-30,Sunderland,Brentford,3.1,3.25,2.35
2025-08-30,Tottenham,Bournemouth,1.89,3.75,3.84
2025-08-30,Wolves,Everton,3.33,3.11,2.32
2025-08-30,Leeds,Newcastle,3.67,3.36,2.06
2025-08-31,Brighton,Man City,3.47,3.64,2.03
2025-08-31,Nott'm Forest,West Ham,1.65,4.01,4.98
2025-08-31,Liverpool,Arsenal,2.37,3.33,3.01
2025-08-31,Aston Villa,Crystal Palace,2.09,3.51,3.44
2025-09-13,Arsenal,Nott'm Forest,1.41,4.78,7.48
2025-09-13,Bournemouth,Brighton,2.42,3.51,2.82
2025-09-13,Crystal Palace,Sunderland,1.68,3.65,5.41
2025-09-13,Everton,Aston Villa,2.62,3.2,2.8
2025-09-13,Fulham,Leeds,2.04,3.37,3.76
2025-09-13,Newcastle,Wolves,1.36,5.0,8.48
2025-09-13,West Ham,Tottenham,3.27,3.51,2.17
2025-09-13,Brentford,Chelsea,4.21,3.72,1.83
2025-09-14,Burnley,Liverpool,8.63,5.54,1.32
2025-09-14,Man City,Man United,1.65,4.14,4.83
2025-09-20,Liverpool,Everton,1.51,4.35,6.31
2025-09-20,Brighton,Tottenham,2.17,3.63,3.14
2025-09-20,Burnley,Nott'm Forest,3.41,3.31,2.18
2025-09-20,West Ham,Crystal Palace,3.04,3.42,2.31
2025-09-20,Wolves,Leeds,2.88,3.08,2.58
2025-09-20,Man United,Chelsea,2.64,3.62,2.51
2025-09-20,Fulham,Brentford,2.12,3.29,3.58
2025-09-21,Bournemouth,Newcastle,2.38,3.29,3.02
2025-09-21,Sunderland,Aston Villa,3.8,3.32,2.04
2025-09-21,Arsenal,Man City,2.05,3.56,3.54
2025-09-27,Brentford,Man United,3.3,3.74,2.07
2025-09-27,Chelsea,Brighton,1.98,3.75,3.57
2025-09-27,Crystal Palace,Liverpool,4.01,3.71,1.87
2025-09-27,Leeds,Bournemouth,2.96,3.23,2.46
2025-09-27,Man City,Burnley,1.19,7.02,14.17
2025-09-27,Nott'm Forest,Sunderland,1.75,3.69,4.73
2025-09-27,Tottenham,Wolves,1.53,4.27,6.05
2025-09-28,Aston Villa,Fulham,2.25,3.24,3.34
2025-09-28,Newcastle,Arsenal,3.4,3.26,2.21
2025-09-29,Everton,West Ham,1.65,3.87,5.28
2025-10-03,Bournemouth,Fulham,1.95,3.43,4.01
2025-10-04,Leeds,Tottenham,2.75,3.35,2.55
2025-10-04,Arsenal,West Ham,1.18,7.28,14.63
2025-10-04,Man United,Sunderland,1.61,4.22,5.1
2025-10-04,Chelsea,Liverpool,2.87,3.64,2.31
2025-10-05,Aston Villa,Burnley,1.55,4.05,6.13
2025-10-05,Everton,Crystal Palace,2.65,3.1,2.82
2025-10-05,Newcastle,Nott'm Forest,1.51,4.42,6.06
2025-10-05,Wolves,Brighton,3.46,3.53,2.08
2025-10-05,Brentford,Man City,5.03,4.18,1.62
2025-10-18,Nott'm Forest,Chelsea,3.07,3.43,2.27
2025-10-18,Brighton,Newcastle,2.86,3.44,2.42
2025-10-18,Burnley,Leeds,3.48,3.22,2.19
2025-10-18,Crystal Palace,Bournemouth,2.13,3.39,3.44
2025-10-18,Man City,Everton,1.44,4.46,7.29
2025-10-18,Sunderland,Wolves,2.49,3.03,3.08
2025-10-18,Fulham,Arsenal,6.77,4.18,1.5
2025-10-19,Tottenham,Aston Villa,2.24,3.36,3.21
2025-10-19,Liverpool,Man United,1.67,4.3,4.55
2025-10-20,West Ham,Brentford,2.75,3.29,2.57
2025-10-24,Leeds,West Ham,1.79,3.64,4.56
2025-10-25,Chelsea,Sunderland,1.44,4.52,7.2
2025-10-25,Newcastle,Fulham,1.6,3.99,5.62
2025-10-25,Man United,Brighton,1.99,3.85,3.41
2025-10-25,Brentford,Liverpool,3.92,4.01,1.82
2025-10-26,Arsenal,Crystal Palace,1.38,4.91,8.08
2025-10-26,Aston Villa,Man City,4.16,3.77,1.82
2025-10-26,Bournemouth,Nott'm Forest,1.95,3.59,3.82
2025-10-26,Wolves,Burnley,1.92,3.3,4.34
2025-10-26,Everton,Tottenham,2.2,3.34,3.32
2025-11-01,Brighton,Leeds,1.93,3.61,3.88
2025-11-01,Burnley,Arsenal,13.66,5.78,1.24
2025-11-01,Crystal Palace,Brentford,2.06,3.43,3.6
2025-11-01,Fulham,Wolves,1.79,3.69,4.44
2025-11-01,Nott'm Forest,Man United,3.27,3.63,2.12
2025-11-01,Tottenham,Chelsea,3.02,3.44,2.31
2025-11-01,Liverpool,Aston Villa,1.65,4.28,4.67
2025-11-02,West Ham,Newcastle,4.99,4.08,1.64
2025-11-02,Man City,Bournemouth,1.41,5.08,6.86
2025-11-03,Sunderland,Everton,3.24,3.09,2.37
2025-11-08,Tottenham,Man United,2.9,3.47,2.38
2025-11-08,Everton,Fulham,2.31,3.21,3.23
2025-11-08,West Ham,Burnley,1.86,3.56,4.23
2025-11-08,Sunderland,Arsenal,7.33,4.23,1.46
2025-11-08,Chelsea,Wolves,1.36,5.1,8.12
2025-11-09,Aston Villa,Bournemouth,2.3,3.37,3.1
2025-11-09,Brentford,Newcastle,2.83,3.38,2.47
2025-11-09,Crystal Palace,Brighton,2.38,3.39,2.97
2025-11-09,Nott'm Forest,Leeds,2.23,3.14,3.46
2025-11-09,Man City,Liverpool,1.89,3.94,3.69
2025-11-22,Burnley,Chelsea,5.46,4.14,1.58
2025-11-22,Bournemouth,West Ham,1.67,3.97,4.95
2025-11-22,Brighton,Brentford,2.1,3.44,3.47
2025-11-22,Fulham,Sunderland,2.02,3.33,3.81
2025-11-22,Liverpool,Nott'm Forest,1.45,4.6,6.58
2025-11-22,Wolves,Crystal Palace,4.43,3.65,1.81
2025-11-22,Newcastle,Man City,3.67,3.7,1.95
2025-11-23,Leeds,Aston Villa,3.22,3.3,2.27
2025-11-23,Arsenal,Tottenham,1.47,4.29,7.15
2025-11-24,Man United,Everton,1.86,3.69,4.09
2025-11-29,Brentford,Burnley,1.48,4.36,6.61
2025-11-29,Man City,Leeds,1.22,6.58,11.56
2025-11-29,Sunderland,Bournemouth,3.14,3.3,2.3
2025-11-29,Everton,Newcastle,2.68,3.3,2.65
2025-11-29,Tottenham,Fulham,2.34,3.35,3.04
2025-11-30,Crystal Palace,Man United,2.07,3.6,3.4
2025-11-30,Aston Villa,Wolves,1.46,4.46,6.83
2025-11-30,Nott'm Forest,Brighton,2.85,3.29,2.51
2025-11-30,West Ham,Liverpool,5.07,4.49,1.58
2025-11-30,Chelsea,Arsenal,3.01,3.14,2.46
2025-12-02,Bournemouth,Everton,2.17,3.4,3.34
2025-12-02,Fulham,Man City,5.14,4.08,1.63
2025-12-02,Newcastle,Tottenham,1.83,3.78,4.07
2025-12-03,Arsenal,Brentford,1.43,4.53,7.43
2025-12-03,Brighton,Aston Villa,2.25,3.42,3.17
2025-12-03,Burnley,Crystal Palace,4.99,3.62,1.73
2025-12-03,Wolves,Nott'm Forest,3.1,3.23,2.37
2025-12-03,Leeds,Chelsea,3.94,3.45,1.95
2025-12-03,Liverpool,Sunderland,1.35,5.25,7.98
2025-12-04,Man United,West Ham,1.4,5.03,7.21
2025-12-06,Aston Villa,Arsenal,4.18,3.47,1.9
2025-12-06,Bournemouth,Chelsea,3.33,3.75,2.05
2025-12-06,Everton,Nott'm Forest,2.08,3.28,3.72
2025-12-06,Man City,Sunderland,1.25,6.18,10.59
2025-12-06,Newcastle,Burnley,1.3,5.53,9.5
2025-12-06,Tottenham,Brentford,2.42,3.35,2.9
2025-12-06,Leeds,Liverpool,4.4,3.88,1.76
2025-12-07,Brighton,West Ham,1.6,4.24,5.16
2025-12-07,Fulham,Crystal Palace,2.49,3.32,2.85
2025-12-08,Wolves,Man United,5.04,4.09,1.64
2025-12-13,Chelsea,Everton,1.71,3.84,4.77
2025-12-13,Liverpool,Brighton,1.74,3.98,4.37
2025-12-13,Burnley,Fulham,3.88,3.41,1.99
2025-12-13,Arsenal,Wolves,1.12,8.9,22.31
2025-12-14,Crystal Palace,Man City,4.01,3.73,1.85
2025-12-14,Nott'm Forest,Tottenham,2.62,3.31,2.7
2025-12-14,Sunderland,Newcastle,3.41,3.35,2.16
2025-12-14,West Ham,Aston Villa,3.31,3.42,2.18
2025-12-14,Brentford,Leeds,2.14,3.25,3.56
2025-12-15,Man United,Bournemouth,1.76,4.18,4.1
2025-12-20,Newcastle,Chelsea,2.79,3.53,2.41
2025-12-20,Bournemouth,Burnley,1.47,4.62,6.47
2025-12-20,Brighton,Sunderland,1.83,3.65,4.27
2025-12-20,Man City,West Ham,1.2,7.44,12.02
2025-12-20,Wolves,Brentford,3.42,3.37,2.15
2025-12-20,Tottenham,Liverpool,3.54,3.59,2.02
2025-12-20,Everton,Arsenal,6.26,4.02,1.54
2025-12-20,Leeds,Crystal Palace,2.83,3.06,2.66
2025-12-21,Aston Villa,Man United,2.01,3.67,3.53
2025-12-22,Fulham,Nott'm Forest,2.55,3.33,2.75
2025-12-26,Man United,Newcastle,2.47,3.64,2.66
2025-12-27,Nott'm Forest,Man City,5.17,4.16,1.61
2025-12-27,Arsenal,Brighton,1.32,5.45,8.87
2025-12-27,Brentford,Bournemouth,2.28,3.47,3.04
2025-12-27,Burnley,Everton,3.66,3.1,2.18
2025-12-27,Liverpool,Wolves,1.24,6.43,11.22
2025-12-27,West Ham,Fulham,2.98,3.33,2.39
2025-12-27,Chelsea,Aston Villa,1.77,3.94,4.23
2025-12-28,Sunderland,Leeds,2.84,3.1,2.63
2025-12-28,Crystal Palace,Tottenham,2.23,3.38,3.22
2025-12-30,Burnley,Newcastle,5.71,4.12,1.56
2025-12-30,Chelsea,Bournemouth,1.56,4.45,5.25
2025-12-30,Nott'm Forest,Everton,1.9,3.37,4.29
2025-12-30,West Ham,Brighton,3.32,3.59,2.1
2025-12-30,Arsenal,Aston Villa,1.37,5.03,7.76
2025-12-30,Man United,Wolves,1.37,5.04,7.63
2026-01-01,Crystal Palace,Fulham,2.22,3.27,3.34
2026-01-01,Liverpool,Leeds,1.47,4.45,6.68
2026-01-01,Brentford,Tottenham,2.4,3.4,2.91
2026-01-01,Sunderland,Man City,7.23,4.7,1.42
2026-01-03,Aston Villa,Nott'm Forest,1.9,3.51,4.1
2026-01-03,Brighton,Burnley,1.45,4.51,7.0
2026-01-03,Wolves,West Ham,2.63,3.36,2.66
2026-01-03,Bournemouth,Arsenal,5.95,4.43,1.51
2026-01-04,Leeds,Man United,2.73,3.3,2.59
2026-01-04,Everton,Brentford,2.46,3.16,3.01
2026-01-04,Newcastle,Crystal Palace,1.68,3.93,4.9
2026-01-04,Tottenham,Sunderland,1.97,3.39,3.95
2026-01-04,Fulham,Liverpool,4.07,3.61,1.88
2026-01-04,Man City,Chelsea,1.47,4.9,5.88
2026-01-06,West Ham,Nott'm Forest,2.92,3.39,2.39
2026-01-07,Bournemouth,Tottenham,2.17,3.51,3.21
2026-01-07,Brentford,Sunderland,2.01,3.22,4.07
2026-01-07,Crystal Palace,Aston Villa,2.99,3.33,2.38
2026-01-07,Everton,Wolves,1.84,3.46,4.51
2026-01-07,Fulham,Chelsea,3.61,3.56,2.01
2026-01-07,Man City,Brighton,1.5,4.62,5.79
2026-01-07,Burnley,Man United,4.8,3.76,1.72
2026-01-07,Newcastle,Leeds,1.61,3.94,5.56
2026-01-08,Arsenal,Liverpool,1.57,4.16,5.65
2026-01-17,Man United,Man City,3.01,3.63,2.23
2026-01-17,Chelsea,Brentford,1.86,3.78,3.93
2026-01-17,Leeds,Fulham,2.31,3.34,3.1
2026-01-17,Liverpool,Burnley,1.23,6.38,11.91
2026-01-17,Sunderland,Crystal Palace,2.38,3.13,3.15
2026-01-17,Tottenham,West Ham,1.84,3.72,4.13
2026-01-17,Nott'm Forest,Arsenal,5.79,3.87,1.6
2026-01-18,Wolves,Newcastle,4.5,3.98,1.72
2026-01-18,Aston Villa,Everton,1.6,3.94,5.77
2026-01-19,Brighton,Bournemouth,1.96,3.79,3.55
2026-01-24,West Ham,Sunderland,2.21,3.32,3.28
2026-01-24,Burnley,Tottenham,3.85,3.33,2.01
2026-01-24,Fulham,Brighton,2.57,3.28,2.76
2026-01-24,Man City,Wolves,1.3,5.63,9.5
2026-01-24,Bournemouth,Liverpool,4.21,3.98,1.77
2026-01-25,Brentford,Nott'm Forest,1.84,3.5,4.38
2026-01-25,Crystal Palace,Chelsea,3.39,3.48,2.11
2026-01-25,Newcastle,Aston Villa,2.15,3.53,3.26
2026-01-25,Arsenal,Man United,1.54,4.32,5.69
2026-01-26,Everton,Leeds,2.49,3.07,3.03
2026-01-31,Brighton,Everton,1.91,3.47,4.08
2026-01-31,Leeds,Arsenal,5.87,3.99,1.57
2026-01-31,Wolves,Bournemouth,2.94,3.41,2.37
2026-01-31,Chelsea,West Ham,1.59,4.34,5.11
2026-01-31,Liverpool,Newcastle,1.64,4.22,4.78
2026-02-01,Aston Villa,Brentford,2.3,3.32,3.13
2026-02-01,Man United,Fulham,1.52,4.63,5.47
2026-02-01,Nott'm Forest,Crystal Palace,2.09,3.22,3.73
2026-02-01,Tottenham,Man City,4.98,4.01,1.65
2026-02-02,Sunderland,Burnley,1.91,3.23,4.46
2026-02-06,Leeds,Nott'm Forest,2.14,3.37,3.4
2026-02-07,Man United,Tottenham,1.59,4.38,4.95
2026-02-07,Arsenal,Sunderland,1.26,5.65,12.04
2026-02-07,Bournemouth,Aston Villa,2.84,3.58,2.35
2026-02-07,Burnley,West Ham,3.11,3.58,2.19
2026-02-07,Fulham,Everton,2.13,3.41,3.4
2026-02-07,Wolves,Chelsea,5.31,4.19,1.58
2026-02-07,Newcastle,Brentford,1.92,3.7,3.77
2026-02-08,Brighton,Crystal Palace,2.19,3.27,3.39
2026-02-08,Liverpool,Man City,2.15,3.84,3.01
2026-02-10,Chelsea,Leeds,1.51,4.4,6.03
2026-02-10,Everton,Bournemouth,2.32,3.41,3.0
2026-02-10,Tottenham,Newcastle,3.0,3.6,2.25
2026-02-10,West Ham,Man United,4.47,4.15,1.69
2026-02-11,Aston Villa,Brighton,2.06,3.69,3.34
2026-02-11,Crystal Palace,Burnley,1.46,4.45,6.9
2026-02-11,Man City,Fulham,1.37,5.23,7.38
2026-02-11,Nott'm Forest,Wolves,1.73,3.79,4.66
2026-02-11,Sunderland,Liverpool,4.45,3.83,1.75
2026-02-12,Brentford,Arsenal,5.08,3.77,1.68
2026-02-18,Wolves,Arsenal,12.35,5.93,1.24
2026-02-21,Aston Villa,Leeds,1.82,3.68,4.18
2026-02-21,Brentford,Brighton,2.25,3.39,3.13
2026-02-21,Chelsea,Burnley,1.23,6.31,11.6
2026-02-21,West Ham,Bournemouth,2.66,3.62,2.46
2026-02-21,Man City,Newcastle,1.54,4.63,5.31
2026-02-22,Crystal Palace,Wolves,1.77,3.71,4.44
2026-02-22,Nott'm Forest,Liverpool,3.83,3.78,1.87
2026-02-22,Sunderland,Fulham,2.85,3.18,2.55
2026-02-22,Tottenham,Arsenal,7.2,4.35,1.45
2026-02-23,Everton,Man United,3.52,3.62,1.99
2026-02-27,Wolves,Aston Villa,4.6,3.74,1.74
2026-02-28,Bournemouth,Sunderland,1.8,3.68,4.27
2026-02-28,Burnley,Brentford,4.34,3.79,1.77
2026-02-28,Liverpool,West Ham,1.41,4.98,6.69
2026-02-28,Newcastle,Everton,1.78,3.73,4.34
2026-02-28,Leeds,Man City,4.77,3.91,1.69
2026-03-01,Brighton,Nott'm Forest,2.09,3.39,3.48
2026-03-01,Fulham,Tottenham,2.02,3.66,3.45
2026-03-01,Man United,Crystal Palace,1.51,4.35,5.95
2026-03-01,Arsenal,Chelsea,1.5,4.36,6.05
2026-03-03,Bournemouth,Brentford,2.5,3.56,2.65
2026-03-03,Everton,Burnley,1.61,3.78,5.73
2026-03-03,Leeds,Sunderland,1.81,3.51,4.51
2026-03-03,Wolves,Liverpool,6.85,4.71,1.43
2026-03-04,Aston Villa,Chelsea,2.64,3.48,2.54
2026-03-04,Brighton,Arsenal,5.03,3.84,1.67
2026-03-04,Fulham,West Ham,2.2,3.51,3.13
2026-03-04,Man City,Nott'm Forest,1.39,4.83,7.62
2026-03-04,Newcastle,Man United,2.56,3.62,2.52
2026-03-05,Tottenham,Crystal Palace,2.44,3.37,2.83
2026-03-14,Burnley,Bournemouth,3.92,3.93,1.82
2026-03-14,Sunderland,Brighton,3.64,3.46,2.01
2026-03-14,Arsenal,Everton,1.37,4.65,8.58
2026-03-14,Chelsea,Newcastle,1.69,4.24,4.3
2026-03-14,West Ham,Man City,4.81,4.16,1.63
2026-03-15,Crystal Palace,Leeds,2.66,3.23,2.69
2026-03-15,Man United,Aston Villa,1.69,4.0,4.56
2026-03-15,Nott'm Forest,Fulham,2.29,3.31,3.13
2026-03-15,Liverpool,Tottenham,1.3,5.87,8.24
2026-03-16,Brentford,Wolves,1.53,4.29,5.78
2026-03-20,Bournemouth,Man United,3.07,3.72,2.15
2026-03-21,Brighton,Liverpool,3.05,3.62,2.19
2026-03-21,Fulham,Burnley,1.52,4.29,5.92
2026-03-21,Everton,Chelsea,3.15,3.43,2.22
2026-03-21,Leeds,Brentford,2.35,3.41,2.95
2026-03-22,Newcastle,Sunderland,1.53,4.2,5.83
2026-03-22,Aston Villa,West Ham,1.73,3.79,4.55
2026-03-22,Tottenham,Nott'm Forest,2.37,3.29,3.0
2026-04-10,West Ham,Wolves,1.77,3.74,4.38
2026-04-11,Arsenal,Bournemouth,1.47,4.47,6.4
2026-04-11,Brentford,Everton,2.15,3.34,3.37
2026-04-11,Burnley,Brighton,5.29,4.13,1.59
2026-04-11,Liverpool,Fulham,1.71,4.06,4.38
2026-04-12,Crystal Palace,Newcastle,2.91,3.3,2.42
2026-04-12,Nott'm Forest,Aston Villa,2.35,3.32,2.99
2026-04-12,Sunderland,Tottenham,2.75,3.31,2.53
2026-04-12,Chelsea,Man City,3.48,3.89,1.94
2026-04-13,Man United,Leeds,1.62,4.07,5.08
2026-04-18,Brentford,Fulham,1.96,3.75,3.52
2026-04-18,Leeds,Wolves,1.53,4.11,6.26
2026-04-18,Newcastle,Bournemouth,2.18,3.67,3.04
2026-04-18,Tottenham,Brighton,2.93,3.76,2.21
2026-04-18,Chelsea,Man United,2.1,3.69,3.21
2026-04-19,Aston Villa,Sunderland,1.73,3.66,4.8
2026-04-19,Everton,Liverpool,3.2,3.33,2.24
2026-04-19,Nott'm Forest,Burnley,1.46,4.39,6.84
2026-04-19,Man City,Arsenal,1.84,3.59,4.22
2026-04-20,Crystal Palace,West Ham,2.53,3.33,2.76
2026-04-21,Brighton,Chelsea,2.28,3.43,3.01
2026-04-22,Bournemouth,Leeds,1.83,3.78,4.02
2026-04-22,Burnley,Man City,15.78,8.1,1.15
2026-04-24,Sunderland,Nott'm Forest,2.66,3.1,2.75
2026-04-25,Fulham,Aston Villa,2.43,3.55,2.7
2026-04-25,Liverpool,Crystal Palace,1.56,4.37,5.21
2026-04-25,West Ham,Everton,2.42,3.38,2.82
2026-04-25,Wolves,Tottenham,4.62,4.17,1.64
2026-04-25,Arsenal,Newcastle,1.38,4.87,7.59
2026-04-27,Man United,Brentford,1.96,3.73,3.53
2026-05-01,Leeds,Burnley,1.36,4.93,8.54
2026-05-02,Brentford,West Ham,1.86,3.86,3.8
2026-05-02,Newcastle,Brighton,2.66,3.6,2.46
2026-05-02,Wolves,Sunderland,3.67,3.52,1.98
2026-05-02,Arsenal,Fulham,1.45,4.42,7.02
2026-05-03,Bournemouth,Crystal Palace,1.56,4.23,5.36
2026-05-03,Man United,Liverpool,2.35,3.71,2.74
2026-05-03,Aston Villa,Tottenham,2.24,3.54,2.99
2026-05-04,Chelsea,Nott'm Forest,1.41,4.78,7.11
2026-05-04,Everton,Man City,6.69,4.61,1.44
2026-05-09,Liverpool,Chelsea,1.99,3.69,3.48
2026-05-09,Brighton,Wolves,1.27,5.95,9.93
2026-05-09,Fulham,Bournemouth,2.63,3.6,2.47
2026-05-09,Sunderland,Man United,3.21,3.51,2.15
2026-05-09,Man City,Brentford,1.34,5.57,7.32
2026-05-10,Burnley,Aston Villa,6.34,4.42,1.48
2026-05-10,Crystal Palace,Everton,2.78,3.25,2.54
2026-05-10,Nott'm Forest,Newcastle,3.27,3.44,2.15
2026-05-10,West Ham,Arsenal,5.83,4.14,1.54
2026-05-11,Tottenham,Leeds,1.81,3.73,4.15
2026-05-13,Man City,Crystal Palace,1.3,5.7,8.53
2026-05-15,Aston Villa,Liverpool,2.68,3.42,2.5
2026-05-17,Man United,Nott'm Forest,1.56,4.42,5.12
2026-05-17,Brentford,Crystal Palace,1.72,3.9,4.41
2026-05-17,Everton,Sunderland,1.84,3.58,4.13
2026-05-17,Leeds,Brighton,3.43,3.48,2.04
2026-05-17,Wolves,Fulham,4.03,3.63,1.84
2026-05-17,Newcastle,West Ham,2.05,3.81,3.15
2026-05-18,Arsenal,Burnley,1.09,10.11,22.69
2026-05-19,Bournemouth,Man City,4.62,4.24,1.63
2026-05-19,Chelsea,Tottenham,2.19,3.28,3.25
2026-05-24,Brighton,Man United,1.87,4.08,3.49
2026-05-24,Burnley,Wolves,2.39,3.42,2.82
2026-05-24,Crystal Palace,Arsenal,3.97,3.66,1.86
2026-05-24,Fulham,Newcastle,2.54,3.63,2.53
2026-05-24,Liverpool,Brentford,1.77,4.06,3.96
2026-05-24,Man City,Aston Villa,1.39,5.15,6.71
2026-05-24,Nott'm Forest,Bournemouth,3.54,3.7,1.96
2026-05-24,Sunderland,Chelsea,3.39,3.65,2.03
2026-05-24,Tottenham,Everton,1.87,3.48,4.1
2026-05-24,West Ham,Leeds,1.7,4.11,4.35
