season,model,n,log_loss,brier,rps,accuracy
2324,base_rate,380,1.0567657577134453,0.6385176335248733,0.23413661689292825,0.4605263157894737
2324,elo_logistic,380,0.9393377521358927,0.5545676981467176,0.19311627997454014,0.5763157894736842
2324,logistic,380,0.921820215766072,0.5424181907419223,0.18674029518857194,0.5868421052631579
2324,xgboost,380,0.9311764240264893,0.5474625720148466,0.1897757648823603,0.5947368421052631
2425,base_rate,380,1.0849552740105175,0.658437626002126,0.23679716995952219,0.40789473684210525
2425,elo_logistic,380,0.9899187859768604,0.5918427916372602,0.20369660437484588,0.5394736842105263
2425,logistic,380,0.9866262251571711,0.5910169932552843,0.202181462600451,0.5289473684210526
2425,xgboost,380,0.992999255657196,0.5917265379050954,0.201665028419368,0.5368421052631579
2526,base_rate,380,1.08182086442183,0.6550418397968605,0.22775462161434287,0.4263157894736842
2526,elo_logistic,380,1.0262854155187402,0.6171839907445883,0.20898551317032193,0.4868421052631579
2526,logistic,380,1.0288916095340443,0.6184075670170694,0.20897605035347033,0.4789473684210526
2526,xgboost,380,1.0395814180374146,0.6253921278393271,0.21211797905278287,0.47368421052631576
