date,round,home,away,p_home,p_draw,p_away,result,odds_h,odds_d,odds_a
2026-10-10,Matchday 6,Arsenal,Leeds,0.6132,0.2476,0.1392,,,,
2026-10-10,Matchday 6,Aston Villa,Brentford,0.4345,0.2636,0.3019,,,,
2026-10-10,Matchday 6,Chelsea,Bournemouth,0.3652,0.2581,0.3767,,,,
2026-10-10,Matchday 6,Ipswich,Fulham,0.2509,0.251,0.4981,,,,
2026-10-10,Matchday 6,Man United,Tottenham,0.5951,0.2282,0.1767,,,,
2026-10-10,Matchday 6,Sunderland,Brighton,0.266,0.2659,0.4682,,,,
2026-10-11,Matchday 6,Crystal Palace,Nott'm Forest,0.3768,0.2868,0.3364,,,,
2026-10-11,Matchday 6,Hull,Everton,0.4089,0.3131,0.278,,,,
2026-10-11,Matchday 6,Liverpool,Man City,0.3,0.2452,0.4548,,,,
2026-10-12,Matchday 6,Coventry,Newcastle,0.2442,0.261,0.4948,,,,
