Date,HomeTeam,AwayTeam,FTHG,FTAG,FTR,HTHG,HTAG,HTR,Referee,HS,AS,HST,AST,HF,AF,HC,AC,HY,AY,HR,AR
2026-08-21,Arsenal,Coventry,3,0,H,2,0,H,,,,,,,,,,,,,
2026-08-22,Brentford,Tottenham,3,0,H,2,0,H,,,,,,,,,,,,,
2026-08-22,Everton,Crystal Palace,2,0,H,1,0,H,,,,,,,,,,,,,
2026-08-22,Hull,Man United,2,0,H,2,0,H,,,,,,,,,,,,,
2026-08-22,Ipswich,Sunderland,2,1,H,1,1,D,,,,,,,,,,,,,
2026-08-22,Nott'm Forest,Leeds,0,1,A,0,0,D,,,,,,,,,,,,,
2026-08-23,Brighton,Aston Villa,4,0,H,4,0,H,,,,,,,,,,,,,
2026-08-23,Man City,Bournemouth,2,1,H,0,1,A,,,,,,,,,,,,,
2026-08-23,Newcastle,Liverpool,2,2,D,1,0,H,,,,,,,,,,,,,
2026-08-24,Fulham,Chelsea,2,3,A,1,2,A,,,,,,,,,,,,,
2026-08-28,Crystal Palace,Man City,1,4,A,0,1,A,,,,,,,,,,,,,
2026-08-29,Bournemouth,Everton,1,1,D,1,0,H,,,,,,,,,,,,,
2026-08-29,Coventry,Hull,0,1,A,0,0,D,,,,,,,,,,,,,
2026-08-29,Liverpool,Nott'm Forest,2,2,D,0,1,A,,,,,,,,,,,,,
2026-08-29,Tottenham,Newcastle,0,2,A,0,0,D,,,,,,,,,,,,,
2026-08-30,Chelsea,Brighton,4,3,H,3,1,H,,,,,,,,,,,,,
2026-08-30,Leeds,Brentford,1,1,D,0,1,A,,,,,,,,,,,,,
2026-08-30,Man United,Ipswich,5,2,H,1,1,D,,,,,,,,,,,,,
2026-08-30,Sunderland,Fulham,1,0,H,0,0,D,,,,,,,,,,,,,
2026-08-31,Aston Villa,Arsenal,0,1,A,0,0,D,,,,,,,,,,,,,
2026-09-04,Ipswich,Liverpool,0,2,A,0,2,A,,,,,,,,,,,,,
2026-09-05,Brentford,Sunderland,1,1,D,0,0,D,,,,,,,,,,,,,
2026-09-05,Brighton,Leeds,1,1,D,0,1,A,,,,,,,,,,,,,
2026-09-05,Fulham,Crystal Palace,2,3,A,2,1,H,,,,,,,,,,,,,
2026-09-05,Hull,Aston Villa,0,0,D,,,,,,,,,,,,,,,,
2026-09-05,Man City,Coventry,1,0,H,1,0,H,,,,,,,,,,,,,
2026-09-05,Newcastle,Bournemouth,2,2,D,1,2,A,,,,,,,,,,,,,
2026-09-05,Nott'm Forest,Tottenham,0,0,D,,,,,,,,,,,,,,,,
2026-09-06,Arsenal,Chelsea,2,1,H,1,1,D,,,,,,,,,,,,,
2026-09-06,Everton,Man United,2,2,D,0,0,D,,,,,,,,,,,,,
2026-09-12,Aston Villa,Nott'm Forest,1,2,A,0,0,D,,,,,,,,,,,,,
2026-09-12,Bournemouth,Brentford,2,2,D,1,1,D,,,,,,,,,,,,,
2026-09-12,Chelsea,Hull,2,2,D,1,2,A,,,,,,,,,,,,,
2026-09-12,Crystal Palace,Ipswich,2,3,A,1,2,A,,,,,,,,,,,,,
2026-09-12,Liverpool,Fulham,0,0,D,,,,,,,,,,,,,,,,
2026-09-12,Sunderland,Arsenal,0,2,A,0,0,D,,,,,,,,,,,,,
2026-09-12,Tottenham,Everton,0,0,D,,,,,,,,,,,,,,,,
2026-09-13,Coventry,Brighton,0,5,A,0,1,A,,,,,,,,,,,,,
2026-09-13,Man United,Man City,0,1,A,0,0,D,,,,,,,,,,,,,
2026-09-14,Leeds,Newcastle,4,1,H,3,0,H,,,,,,,,,,,,,
2026-09-18,Brentford,Chelsea,3,0,H,0,0,D,,,,,,,,,,,,,
2026-09-19,Brighton,Arsenal,3,0,H,2,0,H,,,,,,,,,,,,,
2026-09-19,Everton,Ipswich,1,0,H,1,0,H,,,,,,,,,,,,,
2026-09-19,Newcastle,Hull,2,1,H,2,0,H,,,,,,,,,,,,,
2026-09-19,Nott'm Forest,Coventry,0,1,A,0,0,D,,,,,,,,,,,,,
2026-09-19,Tottenham,Aston Villa,2,3,A,0,1,A,,,,,,,,,,,,,
2026-09-20,Bournemouth,Liverpool,0,1,A,0,0,D,,,,,,,,,,,,,
2026-09-20,Fulham,Man United,1,1,D,0,0,D,,,,,,,,,,,,,
2026-09-20,Leeds,Crystal Palace,0,0,D,,,,,,,,,,,,,,,,
2026-09-20,Man City,Sunderland,5,3,H,3,2,H,,,,,,,,,,,,,
